query,intent,response
How do I change my password?,reset_password,"To reset your password, click on 'Forgot Password' on the login page."
Can you help me reset my password?,reset_password,"To reset your password, click on 'Forgot Password' on the login page."
"I forgot my password, what should I do?",reset_password,"To reset your password, click on 'Forgot Password' on the login page."
Can you help me reset my password?,reset_password,"To reset your password, click on 'Forgot Password' on the login page."
How do I change my password?,reset_password,"To reset your password, click on 'Forgot Password' on the login page."
Can you help me reset my password?,reset_password,"To reset your password, click on 'Forgot Password' on the login page."
How do I change my password?,reset_password,"To reset your password, click on 'Forgot Password' on the login page."
Can you help me reset my password?,reset_password,"To reset your password, click on 'Forgot Password' on the login page."
Can you help me reset my password?,reset_password,"To reset your password, click on 'Forgot Password' on the login page."
"I forgot my password, what should I do?",reset_password,"To reset your password, click on 'Forgot Password' on the login page."
Can you help me reset my password?,reset_password,"To reset your password, click on 'Forgot Password' on the login page."
"I forgot my password, what should I do?",reset_password,"To reset your password, click on 'Forgot Password' on the login page."
Can you help me reset my password?,reset_password,"To reset your password, click on 'Forgot Password' on the login page."
How do I change my password?,reset_password,"To reset your password, click on 'Forgot Password' on the login page."
"I forgot my password, what should I do?",reset_password,"To reset your password, click on 'Forgot Password' on the login page."
How do I change my password?,reset_password,"To reset your password, click on 'Forgot Password' on the login page."
Can you help me reset my password?,reset_password,"To reset your password, click on 'Forgot Password' on the login page."
How do I change my password?,reset_password,"To reset your password, click on 'Forgot Password' on the login page."
How do I change my password?,reset_password,"To reset your password, click on 'Forgot Password' on the login page."
"I forgot my password, what should I do?",reset_password,"To reset your password, click on 'Forgot Password' on the login page."
"I forgot my password, what should I do?",reset_password,"To reset your password, click on 'Forgot Password' on the login page."
"I forgot my password, what should I do?",reset_password,"To reset your password, click on 'Forgot Password' on the login page."
How do I change my password?,reset_password,"To reset your password, click on 'Forgot Password' on the login page."
"I forgot my password, what should I do?",reset_password,"To reset your password, click on 'Forgot Password' on the login page."
Can you help me reset my password?,reset_password,"To reset your password, click on 'Forgot Password' on the login page."
How do I change my password?,reset_password,"To reset your password, click on 'Forgot Password' on the login page."
Can you help me reset my password?,reset_password,"To reset your password, click on 'Forgot Password' on the login page."
Can you help me reset my password?,reset_password,"To reset your password, click on 'Forgot Password' on the login page."
"I forgot my password, what should I do?",reset_password,"To reset your password, click on 'Forgot Password' on the login page."
"I forgot my password, what should I do?",reset_password,"To reset your password, click on 'Forgot Password' on the login page."
Can you help me reset my password?,reset_password,"To reset your password, click on 'Forgot Password' on the login page."
"I forgot my password, what should I do?",reset_password,"To reset your password, click on 'Forgot Password' on the login page."
Can you help me reset my password?,reset_password,"To reset your password, click on 'Forgot Password' on the login page."
How do I change my password?,reset_password,"To reset your password, click on 'Forgot Password' on the login page."
"I forgot my password, what should I do?",reset_password,"To reset your password, click on 'Forgot Password' on the login page."
Can you help me reset my password?,reset_password,"To reset your password, click on 'Forgot Password' on the login page."
"I forgot my password, what should I do?",reset_password,"To reset your password, click on 'Forgot Password' on the login page."
How do I change my password?,reset_password,"To reset your password, click on 'Forgot Password' on the login page."
How do I change my password?,reset_password,"To reset your password, click on 'Forgot Password' on the login page."
"I forgot my password, what should I do?",reset_password,"To reset your password, click on 'Forgot Password' on the login page."
Can you help me reset my password?,reset_password,"To reset your password, click on 'Forgot Password' on the login page."
Can you help me reset my password?,reset_password,"To reset your password, click on 'Forgot Password' on the login page."
How do I change my password?,reset_password,"To reset your password, click on 'Forgot Password' on the login page."
How do I change my password?,reset_password,"To reset your password, click on 'Forgot Password' on the login page."
How do I change my password?,reset_password,"To reset your password, click on 'Forgot Password' on the login page."
"I forgot my password, what should I do?",reset_password,"To reset your password, click on 'Forgot Password' on the login page."
How do I change my password?,reset_password,"To reset your password, click on 'Forgot Password' on the login page."
"I forgot my password, what should I do?",reset_password,"To reset your password, click on 'Forgot Password' on the login page."
Can you help me reset my password?,reset_password,"To reset your password, click on 'Forgot Password' on the login page."
How do I change my password?,reset_password,"To reset your password, click on 'Forgot Password' on the login page."
When is customer service available?,working_hours,"Our customer service is available from 8 AM to 8 PM, Monday through Saturday."
Are you open on weekends?,working_hours,"Our customer service is available from 8 AM to 8 PM, Monday through Saturday."
What time do you open?,working_hours,"Our customer service is available from 8 AM to 8 PM, Monday through Saturday."
What time do you open?,working_hours,"Our customer service is available from 8 AM to 8 PM, Monday through Saturday."
What time do you open?,working_hours,"Our customer service is available from 8 AM to 8 PM, Monday through Saturday."
Are you open on weekends?,working_hours,"Our customer service is available from 8 AM to 8 PM, Monday through Saturday."
What time do you open?,working_hours,"Our customer service is available from 8 AM to 8 PM, Monday through Saturday."
What time do you open?,working_hours,"Our customer service is available from 8 AM to 8 PM, Monday through Saturday."
What time do you open?,working_hours,"Our customer service is available from 8 AM to 8 PM, Monday through Saturday."
Are you open on weekends?,working_hours,"Our customer service is available from 8 AM to 8 PM, Monday through Saturday."
When is customer service available?,working_hours,"Our customer service is available from 8 AM to 8 PM, Monday through Saturday."
Are you open on weekends?,working_hours,"Our customer service is available from 8 AM to 8 PM, Monday through Saturday."
What time do you open?,working_hours,"Our customer service is available from 8 AM to 8 PM, Monday through Saturday."
What time do you open?,working_hours,"Our customer service is available from 8 AM to 8 PM, Monday through Saturday."
Are you open on weekends?,working_hours,"Our customer service is available from 8 AM to 8 PM, Monday through Saturday."
When is customer service available?,working_hours,"Our customer service is available from 8 AM to 8 PM, Monday through Saturday."
What time do you open?,working_hours,"Our customer service is available from 8 AM to 8 PM, Monday through Saturday."
When is customer service available?,working_hours,"Our customer service is available from 8 AM to 8 PM, Monday through Saturday."
What time do you open?,working_hours,"Our customer service is available from 8 AM to 8 PM, Monday through Saturday."
What time do you open?,working_hours,"Our customer service is available from 8 AM to 8 PM, Monday through Saturday."
What time do you open?,working_hours,"Our customer service is available from 8 AM to 8 PM, Monday through Saturday."
What time do you open?,working_hours,"Our customer service is available from 8 AM to 8 PM, Monday through Saturday."
What time do you open?,working_hours,"Our customer service is available from 8 AM to 8 PM, Monday through Saturday."
Are you open on weekends?,working_hours,"Our customer service is available from 8 AM to 8 PM, Monday through Saturday."
When is customer service available?,working_hours,"Our customer service is available from 8 AM to 8 PM, Monday through Saturday."
Are you open on weekends?,working_hours,"Our customer service is available from 8 AM to 8 PM, Monday through Saturday."
When is customer service available?,working_hours,"Our customer service is available from 8 AM to 8 PM, Monday through Saturday."
What time do you open?,working_hours,"Our customer service is available from 8 AM to 8 PM, Monday through Saturday."
What time do you open?,working_hours,"Our customer service is available from 8 AM to 8 PM, Monday through Saturday."
Are you open on weekends?,working_hours,"Our customer service is available from 8 AM to 8 PM, Monday through Saturday."
Are you open on weekends?,working_hours,"Our customer service is available from 8 AM to 8 PM, Monday through Saturday."
When is customer service available?,working_hours,"Our customer service is available from 8 AM to 8 PM, Monday through Saturday."
When is customer service available?,working_hours,"Our customer service is available from 8 AM to 8 PM, Monday through Saturday."
What time do you open?,working_hours,"Our customer service is available from 8 AM to 8 PM, Monday through Saturday."
Are you open on weekends?,working_hours,"Our customer service is available from 8 AM to 8 PM, Monday through Saturday."
When is customer service available?,working_hours,"Our customer service is available from 8 AM to 8 PM, Monday through Saturday."
What time do you open?,working_hours,"Our customer service is available from 8 AM to 8 PM, Monday through Saturday."
Are you open on weekends?,working_hours,"Our customer service is available from 8 AM to 8 PM, Monday through Saturday."
When is customer service available?,working_hours,"Our customer service is available from 8 AM to 8 PM, Monday through Saturday."
What time do you open?,working_hours,"Our customer service is available from 8 AM to 8 PM, Monday through Saturday."
What time do you open?,working_hours,"Our customer service is available from 8 AM to 8 PM, Monday through Saturday."
When is customer service available?,working_hours,"Our customer service is available from 8 AM to 8 PM, Monday through Saturday."
When is customer service available?,working_hours,"Our customer service is available from 8 AM to 8 PM, Monday through Saturday."
What time do you open?,working_hours,"Our customer service is available from 8 AM to 8 PM, Monday through Saturday."
Are you open on weekends?,working_hours,"Our customer service is available from 8 AM to 8 PM, Monday through Saturday."
What time do you open?,working_hours,"Our customer service is available from 8 AM to 8 PM, Monday through Saturday."
What time do you open?,working_hours,"Our customer service is available from 8 AM to 8 PM, Monday through Saturday."
When is customer service available?,working_hours,"Our customer service is available from 8 AM to 8 PM, Monday through Saturday."
Are you open on weekends?,working_hours,"Our customer service is available from 8 AM to 8 PM, Monday through Saturday."
When is customer service available?,working_hours,"Our customer service is available from 8 AM to 8 PM, Monday through Saturday."
Has my order shipped yet?,order_status,Please provide your order ID to check the status.
Track my recent purchase,order_status,Please provide your order ID to check the status.
Track my recent purchase,order_status,Please provide your order ID to check the status.
Where is my order?,order_status,Please provide your order ID to check the status.
Has my order shipped yet?,order_status,Please provide your order ID to check the status.
Track my recent purchase,order_status,Please provide your order ID to check the status.
Where is my order?,order_status,Please provide your order ID to check the status.
Where is my order?,order_status,Please provide your order ID to check the status.
Has my order shipped yet?,order_status,Please provide your order ID to check the status.
Track my recent purchase,order_status,Please provide your order ID to check the status.
Track my recent purchase,order_status,Please provide your order ID to check the status.
Track my recent purchase,order_status,Please provide your order ID to check the status.
Where is my order?,order_status,Please provide your order ID to check the status.
Track my recent purchase,order_status,Please provide your order ID to check the status.
Has my order shipped yet?,order_status,Please provide your order ID to check the status.
Track my recent purchase,order_status,Please provide your order ID to check the status.
Track my recent purchase,order_status,Please provide your order ID to check the status.
Where is my order?,order_status,Please provide your order ID to check the status.
Has my order shipped yet?,order_status,Please provide your order ID to check the status.
Track my recent purchase,order_status,Please provide your order ID to check the status.
Where is my order?,order_status,Please provide your order ID to check the status.
Track my recent purchase,order_status,Please provide your order ID to check the status.
Where is my order?,order_status,Please provide your order ID to check the status.
Has my order shipped yet?,order_status,Please provide your order ID to check the status.
Track my recent purchase,order_status,Please provide your order ID to check the status.
Has my order shipped yet?,order_status,Please provide your order ID to check the status.
Where is my order?,order_status,Please provide your order ID to check the status.
Has my order shipped yet?,order_status,Please provide your order ID to check the status.
Where is my order?,order_status,Please provide your order ID to check the status.
Where is my order?,order_status,Please provide your order ID to check the status.
Track my recent purchase,order_status,Please provide your order ID to check the status.
Track my recent purchase,order_status,Please provide your order ID to check the status.
Track my recent purchase,order_status,Please provide your order ID to check the status.
Track my recent purchase,order_status,Please provide your order ID to check the status.
Track my recent purchase,order_status,Please provide your order ID to check the status.
Track my recent purchase,order_status,Please provide your order ID to check the status.
Has my order shipped yet?,order_status,Please provide your order ID to check the status.
Track my recent purchase,order_status,Please provide your order ID to check the status.
Where is my order?,order_status,Please provide your order ID to check the status.
Has my order shipped yet?,order_status,Please provide your order ID to check the status.
Track my recent purchase,order_status,Please provide your order ID to check the status.
Track my recent purchase,order_status,Please provide your order ID to check the status.
Has my order shipped yet?,order_status,Please provide your order ID to check the status.
Where is my order?,order_status,Please provide your order ID to check the status.
Track my recent purchase,order_status,Please provide your order ID to check the status.
Has my order shipped yet?,order_status,Please provide your order ID to check the status.
Where is my order?,order_status,Please provide your order ID to check the status.
Where is my order?,order_status,Please provide your order ID to check the status.
Has my order shipped yet?,order_status,Please provide your order ID to check the status.
Has my order shipped yet?,order_status,Please provide your order ID to check the status.
How do I return an item?,return_order,Go to 'My Orders' and select the item you want to return.
I want to send back my order,return_order,Go to 'My Orders' and select the item you want to return.
How do I return an item?,return_order,Go to 'My Orders' and select the item you want to return.
Return process for a wrong item?,return_order,Go to 'My Orders' and select the item you want to return.
I want to send back my order,return_order,Go to 'My Orders' and select the item you want to return.
How do I return an item?,return_order,Go to 'My Orders' and select the item you want to return.
How do I return an item?,return_order,Go to 'My Orders' and select the item you want to return.
Return process for a wrong item?,return_order,Go to 'My Orders' and select the item you want to return.
Return process for a wrong item?,return_order,Go to 'My Orders' and select the item you want to return.
Return process for a wrong item?,return_order,Go to 'My Orders' and select the item you want to return.
I want to send back my order,return_order,Go to 'My Orders' and select the item you want to return.
How do I return an item?,return_order,Go to 'My Orders' and select the item you want to return.
I want to send back my order,return_order,Go to 'My Orders' and select the item you want to return.
Return process for a wrong item?,return_order,Go to 'My Orders' and select the item you want to return.
I want to send back my order,return_order,Go to 'My Orders' and select the item you want to return.
Return process for a wrong item?,return_order,Go to 'My Orders' and select the item you want to return.
How do I return an item?,return_order,Go to 'My Orders' and select the item you want to return.
I want to send back my order,return_order,Go to 'My Orders' and select the item you want to return.
Return process for a wrong item?,return_order,Go to 'My Orders' and select the item you want to return.
Return process for a wrong item?,return_order,Go to 'My Orders' and select the item you want to return.
How do I return an item?,return_order,Go to 'My Orders' and select the item you want to return.
How do I return an item?,return_order,Go to 'My Orders' and select the item you want to return.
How do I return an item?,return_order,Go to 'My Orders' and select the item you want to return.
How do I return an item?,return_order,Go to 'My Orders' and select the item you want to return.
How do I return an item?,return_order,Go to 'My Orders' and select the item you want to return.
Return process for a wrong item?,return_order,Go to 'My Orders' and select the item you want to return.
Return process for a wrong item?,return_order,Go to 'My Orders' and select the item you want to return.
How do I return an item?,return_order,Go to 'My Orders' and select the item you want to return.
How do I return an item?,return_order,Go to 'My Orders' and select the item you want to return.
Return process for a wrong item?,return_order,Go to 'My Orders' and select the item you want to return.
How do I return an item?,return_order,Go to 'My Orders' and select the item you want to return.
Return process for a wrong item?,return_order,Go to 'My Orders' and select the item you want to return.
I want to send back my order,return_order,Go to 'My Orders' and select the item you want to return.
I want to send back my order,return_order,Go to 'My Orders' and select the item you want to return.
How do I return an item?,return_order,Go to 'My Orders' and select the item you want to return.
How do I return an item?,return_order,Go to 'My Orders' and select the item you want to return.
How do I return an item?,return_order,Go to 'My Orders' and select the item you want to return.
How do I return an item?,return_order,Go to 'My Orders' and select the item you want to return.
How do I return an item?,return_order,Go to 'My Orders' and select the item you want to return.
How do I return an item?,return_order,Go to 'My Orders' and select the item you want to return.
How do I return an item?,return_order,Go to 'My Orders' and select the item you want to return.
How do I return an item?,return_order,Go to 'My Orders' and select the item you want to return.
Return process for a wrong item?,return_order,Go to 'My Orders' and select the item you want to return.
Return process for a wrong item?,return_order,Go to 'My Orders' and select the item you want to return.
How do I return an item?,return_order,Go to 'My Orders' and select the item you want to return.
I want to send back my order,return_order,Go to 'My Orders' and select the item you want to return.
How do I return an item?,return_order,Go to 'My Orders' and select the item you want to return.
I want to send back my order,return_order,Go to 'My Orders' and select the item you want to return.
I want to send back my order,return_order,Go to 'My Orders' and select the item you want to return.
Return process for a wrong item?,return_order,Go to 'My Orders' and select the item you want to return.
How to change billing address?,update_billing,You can update your billing information in your account settings.
Update my credit card details,update_billing,You can update your billing information in your account settings.
How to change billing address?,update_billing,You can update your billing information in your account settings.
How to change billing address?,update_billing,You can update your billing information in your account settings.
How to change billing address?,update_billing,You can update your billing information in your account settings.
How to change billing address?,update_billing,You can update your billing information in your account settings.
How to change billing address?,update_billing,You can update your billing information in your account settings.
Update my credit card details,update_billing,You can update your billing information in your account settings.
Where to modify my billing information?,update_billing,You can update your billing information in your account settings.
How to change billing address?,update_billing,You can update your billing information in your account settings.
Where to modify my billing information?,update_billing,You can update your billing information in your account settings.
Where to modify my billing information?,update_billing,You can update your billing information in your account settings.
Where to modify my billing information?,update_billing,You can update your billing information in your account settings.
How to change billing address?,update_billing,You can update your billing information in your account settings.
Where to modify my billing information?,update_billing,You can update your billing information in your account settings.
Update my credit card details,update_billing,You can update your billing information in your account settings.
Where to modify my billing information?,update_billing,You can update your billing information in your account settings.
Where to modify my billing information?,update_billing,You can update your billing information in your account settings.
Update my credit card details,update_billing,You can update your billing information in your account settings.
Where to modify my billing information?,update_billing,You can update your billing information in your account settings.
How to change billing address?,update_billing,You can update your billing information in your account settings.
Where to modify my billing information?,update_billing,You can update your billing information in your account settings.
Where to modify my billing information?,update_billing,You can update your billing information in your account settings.
Update my credit card details,update_billing,You can update your billing information in your account settings.
Update my credit card details,update_billing,You can update your billing information in your account settings.
Update my credit card details,update_billing,You can update your billing information in your account settings.
Update my credit card details,update_billing,You can update your billing information in your account settings.
Where to modify my billing information?,update_billing,You can update your billing information in your account settings.
Update my credit card details,update_billing,You can update your billing information in your account settings.
How to change billing address?,update_billing,You can update your billing information in your account settings.
Where to modify my billing information?,update_billing,You can update your billing information in your account settings.
Where to modify my billing information?,update_billing,You can update your billing information in your account settings.
How to change billing address?,update_billing,You can update your billing information in your account settings.
How to change billing address?,update_billing,You can update your billing information in your account settings.
Where to modify my billing information?,update_billing,You can update your billing information in your account settings.
How to change billing address?,update_billing,You can update your billing information in your account settings.
How to change billing address?,update_billing,You can update your billing information in your account settings.
How to change billing address?,update_billing,You can update your billing information in your account settings.
Where to modify my billing information?,update_billing,You can update your billing information in your account settings.
Update my credit card details,update_billing,You can update your billing information in your account settings.
Where to modify my billing information?,update_billing,You can update your billing information in your account settings.
How to change billing address?,update_billing,You can update your billing information in your account settings.
Where to modify my billing information?,update_billing,You can update your billing information in your account settings.
Update my credit card details,update_billing,You can update your billing information in your account settings.
Where to modify my billing information?,update_billing,You can update your billing information in your account settings.
How to change billing address?,update_billing,You can update your billing information in your account settings.
Where to modify my billing information?,update_billing,You can update your billing information in your account settings.
Where to modify my billing information?,update_billing,You can update your billing information in your account settings.
Update my credit card details,update_billing,You can update your billing information in your account settings.
Where to modify my billing information?,update_billing,You can update your billing information in your account settings.
Stop my subscription now,cancel_subscription,You can cancel your subscription from the 'Subscription' section.
Cancel my monthly plan,cancel_subscription,You can cancel your subscription from the 'Subscription' section.
Cancel my monthly plan,cancel_subscription,You can cancel your subscription from the 'Subscription' section.
I want to unsubscribe,cancel_subscription,You can cancel your subscription from the 'Subscription' section.
Cancel my monthly plan,cancel_subscription,You can cancel your subscription from the 'Subscription' section.
I want to unsubscribe,cancel_subscription,You can cancel your subscription from the 'Subscription' section.
I want to unsubscribe,cancel_subscription,You can cancel your subscription from the 'Subscription' section.
I want to unsubscribe,cancel_subscription,You can cancel your subscription from the 'Subscription' section.
Stop my subscription now,cancel_subscription,You can cancel your subscription from the 'Subscription' section.
I want to unsubscribe,cancel_subscription,You can cancel your subscription from the 'Subscription' section.
Cancel my monthly plan,cancel_subscription,You can cancel your subscription from the 'Subscription' section.
Cancel my monthly plan,cancel_subscription,You can cancel your subscription from the 'Subscription' section.
Cancel my monthly plan,cancel_subscription,You can cancel your subscription from the 'Subscription' section.
Cancel my monthly plan,cancel_subscription,You can cancel your subscription from the 'Subscription' section.
Cancel my monthly plan,cancel_subscription,You can cancel your subscription from the 'Subscription' section.
Cancel my monthly plan,cancel_subscription,You can cancel your subscription from the 'Subscription' section.
Stop my subscription now,cancel_subscription,You can cancel your subscription from the 'Subscription' section.
Cancel my monthly plan,cancel_subscription,You can cancel your subscription from the 'Subscription' section.
Stop my subscription now,cancel_subscription,You can cancel your subscription from the 'Subscription' section.
Cancel my monthly plan,cancel_subscription,You can cancel your subscription from the 'Subscription' section.
I want to unsubscribe,cancel_subscription,You can cancel your subscription from the 'Subscription' section.
I want to unsubscribe,cancel_subscription,You can cancel your subscription from the 'Subscription' section.
I want to unsubscribe,cancel_subscription,You can cancel your subscription from the 'Subscription' section.
I want to unsubscribe,cancel_subscription,You can cancel your subscription from the 'Subscription' section.
I want to unsubscribe,cancel_subscription,You can cancel your subscription from the 'Subscription' section.
I want to unsubscribe,cancel_subscription,You can cancel your subscription from the 'Subscription' section.
Cancel my monthly plan,cancel_subscription,You can cancel your subscription from the 'Subscription' section.
I want to unsubscribe,cancel_subscription,You can cancel your subscription from the 'Subscription' section.
Cancel my monthly plan,cancel_subscription,You can cancel your subscription from the 'Subscription' section.
Cancel my monthly plan,cancel_subscription,You can cancel your subscription from the 'Subscription' section.
Cancel my monthly plan,cancel_subscription,You can cancel your subscription from the 'Subscription' section.
I want to unsubscribe,cancel_subscription,You can cancel your subscription from the 'Subscription' section.
Stop my subscription now,cancel_subscription,You can cancel your subscription from the 'Subscription' section.
Stop my subscription now,cancel_subscription,You can cancel your subscription from the 'Subscription' section.
Cancel my monthly plan,cancel_subscription,You can cancel your subscription from the 'Subscription' section.
I want to unsubscribe,cancel_subscription,You can cancel your subscription from the 'Subscription' section.
Cancel my monthly plan,cancel_subscription,You can cancel your subscription from the 'Subscription' section.
Cancel my monthly plan,cancel_subscription,You can cancel your subscription from the 'Subscription' section.
Cancel my monthly plan,cancel_subscription,You can cancel your subscription from the 'Subscription' section.
I want to unsubscribe,cancel_subscription,You can cancel your subscription from the 'Subscription' section.
Cancel my monthly plan,cancel_subscription,You can cancel your subscription from the 'Subscription' section.
Cancel my monthly plan,cancel_subscription,You can cancel your subscription from the 'Subscription' section.
Stop my subscription now,cancel_subscription,You can cancel your subscription from the 'Subscription' section.
Stop my subscription now,cancel_subscription,You can cancel your subscription from the 'Subscription' section.
Cancel my monthly plan,cancel_subscription,You can cancel your subscription from the 'Subscription' section.
Stop my subscription now,cancel_subscription,You can cancel your subscription from the 'Subscription' section.
I want to unsubscribe,cancel_subscription,You can cancel your subscription from the 'Subscription' section.
Cancel my monthly plan,cancel_subscription,You can cancel your subscription from the 'Subscription' section.
Stop my subscription now,cancel_subscription,You can cancel your subscription from the 'Subscription' section.
I want to unsubscribe,cancel_subscription,You can cancel your subscription from the 'Subscription' section.
Apply my coupon during checkout,apply_discount,Enter your discount code at checkout to apply it.
Discount code not working,apply_discount,Enter your discount code at checkout to apply it.
Discount code not working,apply_discount,Enter your discount code at checkout to apply it.
Apply my coupon during checkout,apply_discount,Enter your discount code at checkout to apply it.
Where do I enter the promo code?,apply_discount,Enter your discount code at checkout to apply it.
Apply my coupon during checkout,apply_discount,Enter your discount code at checkout to apply it.
Where do I enter the promo code?,apply_discount,Enter your discount code at checkout to apply it.
Where do I enter the promo code?,apply_discount,Enter your discount code at checkout to apply it.
Where do I enter the promo code?,apply_discount,Enter your discount code at checkout to apply it.
Apply my coupon during checkout,apply_discount,Enter your discount code at checkout to apply it.
Apply my coupon during checkout,apply_discount,Enter your discount code at checkout to apply it.
Discount code not working,apply_discount,Enter your discount code at checkout to apply it.
Apply my coupon during checkout,apply_discount,Enter your discount code at checkout to apply it.
Where do I enter the promo code?,apply_discount,Enter your discount code at checkout to apply it.
Apply my coupon during checkout,apply_discount,Enter your discount code at checkout to apply it.
Apply my coupon during checkout,apply_discount,Enter your discount code at checkout to apply it.
Discount code not working,apply_discount,Enter your discount code at checkout to apply it.
Apply my coupon during checkout,apply_discount,Enter your discount code at checkout to apply it.
Discount code not working,apply_discount,Enter your discount code at checkout to apply it.
Discount code not working,apply_discount,Enter your discount code at checkout to apply it.
Discount code not working,apply_discount,Enter your discount code at checkout to apply it.
Apply my coupon during checkout,apply_discount,Enter your discount code at checkout to apply it.
Apply my coupon during checkout,apply_discount,Enter your discount code at checkout to apply it.
Apply my coupon during checkout,apply_discount,Enter your discount code at checkout to apply it.
Where do I enter the promo code?,apply_discount,Enter your discount code at checkout to apply it.
Discount code not working,apply_discount,Enter your discount code at checkout to apply it.
Where do I enter the promo code?,apply_discount,Enter your discount code at checkout to apply it.
Discount code not working,apply_discount,Enter your discount code at checkout to apply it.
Apply my coupon during checkout,apply_discount,Enter your discount code at checkout to apply it.
Discount code not working,apply_discount,Enter your discount code at checkout to apply it.
Where do I enter the promo code?,apply_discount,Enter your discount code at checkout to apply it.
Discount code not working,apply_discount,Enter your discount code at checkout to apply it.
Apply my coupon during checkout,apply_discount,Enter your discount code at checkout to apply it.
Apply my coupon during checkout,apply_discount,Enter your discount code at checkout to apply it.
Apply my coupon during checkout,apply_discount,Enter your discount code at checkout to apply it.
Discount code not working,apply_discount,Enter your discount code at checkout to apply it.
Where do I enter the promo code?,apply_discount,Enter your discount code at checkout to apply it.
Discount code not working,apply_discount,Enter your discount code at checkout to apply it.
Apply my coupon during checkout,apply_discount,Enter your discount code at checkout to apply it.
Discount code not working,apply_discount,Enter your discount code at checkout to apply it.
Apply my coupon during checkout,apply_discount,Enter your discount code at checkout to apply it.
Discount code not working,apply_discount,Enter your discount code at checkout to apply it.
Where do I enter the promo code?,apply_discount,Enter your discount code at checkout to apply it.
Discount code not working,apply_discount,Enter your discount code at checkout to apply it.
Apply my coupon during checkout,apply_discount,Enter your discount code at checkout to apply it.
Discount code not working,apply_discount,Enter your discount code at checkout to apply it.
Apply my coupon during checkout,apply_discount,Enter your discount code at checkout to apply it.
Apply my coupon during checkout,apply_discount,Enter your discount code at checkout to apply it.
Where do I enter the promo code?,apply_discount,Enter your discount code at checkout to apply it.
Discount code not working,apply_discount,Enter your discount code at checkout to apply it.
Download bill for my order,download_invoice,Invoices are available under 'Order History'.
Where can I get my invoice?,download_invoice,Invoices are available under 'Order History'.
Download bill for my order,download_invoice,Invoices are available under 'Order History'.
Need a copy of my receipt,download_invoice,Invoices are available under 'Order History'.
Where can I get my invoice?,download_invoice,Invoices are available under 'Order History'.
Need a copy of my receipt,download_invoice,Invoices are available under 'Order History'.
Download bill for my order,download_invoice,Invoices are available under 'Order History'.
Need a copy of my receipt,download_invoice,Invoices are available under 'Order History'.
Need a copy of my receipt,download_invoice,Invoices are available under 'Order History'.
Where can I get my invoice?,download_invoice,Invoices are available under 'Order History'.
Where can I get my invoice?,download_invoice,Invoices are available under 'Order History'.
Where can I get my invoice?,download_invoice,Invoices are available under 'Order History'.
Download bill for my order,download_invoice,Invoices are available under 'Order History'.
Need a copy of my receipt,download_invoice,Invoices are available under 'Order History'.
Need a copy of my receipt,download_invoice,Invoices are available under 'Order History'.
Where can I get my invoice?,download_invoice,Invoices are available under 'Order History'.
Where can I get my invoice?,download_invoice,Invoices are available under 'Order History'.
Where can I get my invoice?,download_invoice,Invoices are available under 'Order History'.
Download bill for my order,download_invoice,Invoices are available under 'Order History'.
Download bill for my order,download_invoice,Invoices are available under 'Order History'.
Need a copy of my receipt,download_invoice,Invoices are available under 'Order History'.
Need a copy of my receipt,download_invoice,Invoices are available under 'Order History'.
Where can I get my invoice?,download_invoice,Invoices are available under 'Order History'.
Where can I get my invoice?,download_invoice,Invoices are available under 'Order History'.
Download bill for my order,download_invoice,Invoices are available under 'Order History'.
Need a copy of my receipt,download_invoice,Invoices are available under 'Order History'.
Where can I get my invoice?,download_invoice,Invoices are available under 'Order History'.
Need a copy of my receipt,download_invoice,Invoices are available under 'Order History'.
Download bill for my order,download_invoice,Invoices are available under 'Order History'.
Need a copy of my receipt,download_invoice,Invoices are available under 'Order History'.
Download bill for my order,download_invoice,Invoices are available under 'Order History'.
Need a copy of my receipt,download_invoice,Invoices are available under 'Order History'.
Need a copy of my receipt,download_invoice,Invoices are available under 'Order History'.
Need a copy of my receipt,download_invoice,Invoices are available under 'Order History'.
Need a copy of my receipt,download_invoice,Invoices are available under 'Order History'.
Need a copy of my receipt,download_invoice,Invoices are available under 'Order History'.
Need a copy of my receipt,download_invoice,Invoices are available under 'Order History'.
Where can I get my invoice?,download_invoice,Invoices are available under 'Order History'.
Need a copy of my receipt,download_invoice,Invoices are available under 'Order History'.
Where can I get my invoice?,download_invoice,Invoices are available under 'Order History'.
Need a copy of my receipt,download_invoice,Invoices are available under 'Order History'.
Need a copy of my receipt,download_invoice,Invoices are available under 'Order History'.
Download bill for my order,download_invoice,Invoices are available under 'Order History'.
Where can I get my invoice?,download_invoice,Invoices are available under 'Order History'.
Download bill for my order,download_invoice,Invoices are available under 'Order History'.
Where can I get my invoice?,download_invoice,Invoices are available under 'Order History'.
Need a copy of my receipt,download_invoice,Invoices are available under 'Order History'.
Where can I get my invoice?,download_invoice,Invoices are available under 'Order History'.
Where can I get my invoice?,download_invoice,Invoices are available under 'Order History'.
Need a copy of my receipt,download_invoice,Invoices are available under 'Order History'.
What are your shipping options?,shipping_info,"Yes, we ship both locally and internationally."
Is international shipping available?,shipping_info,"Yes, we ship both locally and internationally."
What are your shipping options?,shipping_info,"Yes, we ship both locally and internationally."
What are your shipping options?,shipping_info,"Yes, we ship both locally and internationally."
Do you ship to Canada?,shipping_info,"Yes, we ship both locally and internationally."
What are your shipping options?,shipping_info,"Yes, we ship both locally and internationally."
What are your shipping options?,shipping_info,"Yes, we ship both locally and internationally."
What are your shipping options?,shipping_info,"Yes, we ship both locally and internationally."
Do you ship to Canada?,shipping_info,"Yes, we ship both locally and internationally."
Is international shipping available?,shipping_info,"Yes, we ship both locally and internationally."
Do you ship to Canada?,shipping_info,"Yes, we ship both locally and internationally."
What are your shipping options?,shipping_info,"Yes, we ship both locally and internationally."
Is international shipping available?,shipping_info,"Yes, we ship both locally and internationally."
What are your shipping options?,shipping_info,"Yes, we ship both locally and internationally."
Do you ship to Canada?,shipping_info,"Yes, we ship both locally and internationally."
Is international shipping available?,shipping_info,"Yes, we ship both locally and internationally."
What are your shipping options?,shipping_info,"Yes, we ship both locally and internationally."
Is international shipping available?,shipping_info,"Yes, we ship both locally and internationally."
What are your shipping options?,shipping_info,"Yes, we ship both locally and internationally."
Do you ship to Canada?,shipping_info,"Yes, we ship both locally and internationally."
Is international shipping available?,shipping_info,"Yes, we ship both locally and internationally."
What are your shipping options?,shipping_info,"Yes, we ship both locally and internationally."
Is international shipping available?,shipping_info,"Yes, we ship both locally and internationally."
What are your shipping options?,shipping_info,"Yes, we ship both locally and internationally."
Do you ship to Canada?,shipping_info,"Yes, we ship both locally and internationally."
What are your shipping options?,shipping_info,"Yes, we ship both locally and internationally."
Do you ship to Canada?,shipping_info,"Yes, we ship both locally and internationally."
What are your shipping options?,shipping_info,"Yes, we ship both locally and internationally."
Is international shipping available?,shipping_info,"Yes, we ship both locally and internationally."
Is international shipping available?,shipping_info,"Yes, we ship both locally and internationally."
Is international shipping available?,shipping_info,"Yes, we ship both locally and internationally."
Do you ship to Canada?,shipping_info,"Yes, we ship both locally and internationally."
What are your shipping options?,shipping_info,"Yes, we ship both locally and internationally."
Do you ship to Canada?,shipping_info,"Yes, we ship both locally and internationally."
What are your shipping options?,shipping_info,"Yes, we ship both locally and internationally."
What are your shipping options?,shipping_info,"Yes, we ship both locally and internationally."
Do you ship to Canada?,shipping_info,"Yes, we ship both locally and internationally."
Do you ship to Canada?,shipping_info,"Yes, we ship both locally and internationally."
What are your shipping options?,shipping_info,"Yes, we ship both locally and internationally."
What are your shipping options?,shipping_info,"Yes, we ship both locally and internationally."
Is international shipping available?,shipping_info,"Yes, we ship both locally and internationally."
Is international shipping available?,shipping_info,"Yes, we ship both locally and internationally."
What are your shipping options?,shipping_info,"Yes, we ship both locally and internationally."
Is international shipping available?,shipping_info,"Yes, we ship both locally and internationally."
Is international shipping available?,shipping_info,"Yes, we ship both locally and internationally."
What are your shipping options?,shipping_info,"Yes, we ship both locally and internationally."
Do you ship to Canada?,shipping_info,"Yes, we ship both locally and internationally."
What are your shipping options?,shipping_info,"Yes, we ship both locally and internationally."
Do you ship to Canada?,shipping_info,"Yes, we ship both locally and internationally."
What are your shipping options?,shipping_info,"Yes, we ship both locally and internationally."
What's the return and refund policy?,refund_policy,Refunds are processed within 5–7 business days after return.
What's the return and refund policy?,refund_policy,Refunds are processed within 5–7 business days after return.
Can I get a refund?,refund_policy,Refunds are processed within 5–7 business days after return.
What's the return and refund policy?,refund_policy,Refunds are processed within 5–7 business days after return.
What's the return and refund policy?,refund_policy,Refunds are processed within 5–7 business days after return.
Money-back guarantee info,refund_policy,Refunds are processed within 5–7 business days after return.
Money-back guarantee info,refund_policy,Refunds are processed within 5–7 business days after return.
What's the return and refund policy?,refund_policy,Refunds are processed within 5–7 business days after return.
Can I get a refund?,refund_policy,Refunds are processed within 5–7 business days after return.
Can I get a refund?,refund_policy,Refunds are processed within 5–7 business days after return.
Money-back guarantee info,refund_policy,Refunds are processed within 5–7 business days after return.
What's the return and refund policy?,refund_policy,Refunds are processed within 5–7 business days after return.
Can I get a refund?,refund_policy,Refunds are processed within 5–7 business days after return.
Can I get a refund?,refund_policy,Refunds are processed within 5–7 business days after return.
Can I get a refund?,refund_policy,Refunds are processed within 5–7 business days after return.
Money-back guarantee info,refund_policy,Refunds are processed within 5–7 business days after return.
Can I get a refund?,refund_policy,Refunds are processed within 5–7 business days after return.
Can I get a refund?,refund_policy,Refunds are processed within 5–7 business days after return.
Money-back guarantee info,refund_policy,Refunds are processed within 5–7 business days after return.
What's the return and refund policy?,refund_policy,Refunds are processed within 5–7 business days after return.
Can I get a refund?,refund_policy,Refunds are processed within 5–7 business days after return.
Can I get a refund?,refund_policy,Refunds are processed within 5–7 business days after return.
What's the return and refund policy?,refund_policy,Refunds are processed within 5–7 business days after return.
Money-back guarantee info,refund_policy,Refunds are processed within 5–7 business days after return.
What's the return and refund policy?,refund_policy,Refunds are processed within 5–7 business days after return.
Can I get a refund?,refund_policy,Refunds are processed within 5–7 business days after return.
Money-back guarantee info,refund_policy,Refunds are processed within 5–7 business days after return.
What's the return and refund policy?,refund_policy,Refunds are processed within 5–7 business days after return.
Money-back guarantee info,refund_policy,Refunds are processed within 5–7 business days after return.
Money-back guarantee info,refund_policy,Refunds are processed within 5–7 business days after return.
Can I get a refund?,refund_policy,Refunds are processed within 5–7 business days after return.
Money-back guarantee info,refund_policy,Refunds are processed within 5–7 business days after return.
What's the return and refund policy?,refund_policy,Refunds are processed within 5–7 business days after return.
Can I get a refund?,refund_policy,Refunds are processed within 5–7 business days after return.
Money-back guarantee info,refund_policy,Refunds are processed within 5–7 business days after return.
Money-back guarantee info,refund_policy,Refunds are processed within 5–7 business days after return.
What's the return and refund policy?,refund_policy,Refunds are processed within 5–7 business days after return.
What's the return and refund policy?,refund_policy,Refunds are processed within 5–7 business days after return.
Money-back guarantee info,refund_policy,Refunds are processed within 5–7 business days after return.
Can I get a refund?,refund_policy,Refunds are processed within 5–7 business days after return.
Can I get a refund?,refund_policy,Refunds are processed within 5–7 business days after return.
What's the return and refund policy?,refund_policy,Refunds are processed within 5–7 business days after return.
Can I get a refund?,refund_policy,Refunds are processed within 5–7 business days after return.
Can I get a refund?,refund_policy,Refunds are processed within 5–7 business days after return.
Can I get a refund?,refund_policy,Refunds are processed within 5–7 business days after return.
What's the return and refund policy?,refund_policy,Refunds are processed within 5–7 business days after return.
What's the return and refund policy?,refund_policy,Refunds are processed within 5–7 business days after return.
Can I get a refund?,refund_policy,Refunds are processed within 5–7 business days after return.
What's the return and refund policy?,refund_policy,Refunds are processed within 5–7 business days after return.
What's the return and refund policy?,refund_policy,Refunds are processed within 5–7 business days after return.
What to do with a faulty item?,damaged_item,Please upload a photo of the damaged item to initiate a replacement.
Item came broken,damaged_item,Please upload a photo of the damaged item to initiate a replacement.
Received a damaged product,damaged_item,Please upload a photo of the damaged item to initiate a replacement.
Received a damaged product,damaged_item,Please upload a photo of the damaged item to initiate a replacement.
What to do with a faulty item?,damaged_item,Please upload a photo of the damaged item to initiate a replacement.
Received a damaged product,damaged_item,Please upload a photo of the damaged item to initiate a replacement.
What to do with a faulty item?,damaged_item,Please upload a photo of the damaged item to initiate a replacement.
Received a damaged product,damaged_item,Please upload a photo of the damaged item to initiate a replacement.
What to do with a faulty item?,damaged_item,Please upload a photo of the damaged item to initiate a replacement.
Item came broken,damaged_item,Please upload a photo of the damaged item to initiate a replacement.
Item came broken,damaged_item,Please upload a photo of the damaged item to initiate a replacement.
Item came broken,damaged_item,Please upload a photo of the damaged item to initiate a replacement.
Received a damaged product,damaged_item,Please upload a photo of the damaged item to initiate a replacement.
What to do with a faulty item?,damaged_item,Please upload a photo of the damaged item to initiate a replacement.
What to do with a faulty item?,damaged_item,Please upload a photo of the damaged item to initiate a replacement.
What to do with a faulty item?,damaged_item,Please upload a photo of the damaged item to initiate a replacement.
Received a damaged product,damaged_item,Please upload a photo of the damaged item to initiate a replacement.
Received a damaged product,damaged_item,Please upload a photo of the damaged item to initiate a replacement.
Item came broken,damaged_item,Please upload a photo of the damaged item to initiate a replacement.
What to do with a faulty item?,damaged_item,Please upload a photo of the damaged item to initiate a replacement.
What to do with a faulty item?,damaged_item,Please upload a photo of the damaged item to initiate a replacement.
What to do with a faulty item?,damaged_item,Please upload a photo of the damaged item to initiate a replacement.
Item came broken,damaged_item,Please upload a photo of the damaged item to initiate a replacement.
Item came broken,damaged_item,Please upload a photo of the damaged item to initiate a replacement.
Item came broken,damaged_item,Please upload a photo of the damaged item to initiate a replacement.
Received a damaged product,damaged_item,Please upload a photo of the damaged item to initiate a replacement.
What to do with a faulty item?,damaged_item,Please upload a photo of the damaged item to initiate a replacement.
Item came broken,damaged_item,Please upload a photo of the damaged item to initiate a replacement.
Received a damaged product,damaged_item,Please upload a photo of the damaged item to initiate a replacement.
Received a damaged product,damaged_item,Please upload a photo of the damaged item to initiate a replacement.
Received a damaged product,damaged_item,Please upload a photo of the damaged item to initiate a replacement.
Item came broken,damaged_item,Please upload a photo of the damaged item to initiate a replacement.
Received a damaged product,damaged_item,Please upload a photo of the damaged item to initiate a replacement.
Received a damaged product,damaged_item,Please upload a photo of the damaged item to initiate a replacement.
Item came broken,damaged_item,Please upload a photo of the damaged item to initiate a replacement.
Item came broken,damaged_item,Please upload a photo of the damaged item to initiate a replacement.
Received a damaged product,damaged_item,Please upload a photo of the damaged item to initiate a replacement.
Item came broken,damaged_item,Please upload a photo of the damaged item to initiate a replacement.
Received a damaged product,damaged_item,Please upload a photo of the damaged item to initiate a replacement.
Item came broken,damaged_item,Please upload a photo of the damaged item to initiate a replacement.
Received a damaged product,damaged_item,Please upload a photo of the damaged item to initiate a replacement.
What to do with a faulty item?,damaged_item,Please upload a photo of the damaged item to initiate a replacement.
Item came broken,damaged_item,Please upload a photo of the damaged item to initiate a replacement.
Item came broken,damaged_item,Please upload a photo of the damaged item to initiate a replacement.
Item came broken,damaged_item,Please upload a photo of the damaged item to initiate a replacement.
Received a damaged product,damaged_item,Please upload a photo of the damaged item to initiate a replacement.
What to do with a faulty item?,damaged_item,Please upload a photo of the damaged item to initiate a replacement.
What to do with a faulty item?,damaged_item,Please upload a photo of the damaged item to initiate a replacement.
Received a damaged product,damaged_item,Please upload a photo of the damaged item to initiate a replacement.
Item came broken,damaged_item,Please upload a photo of the damaged item to initiate a replacement.
Expected delivery time?,delivery_time,Delivery typically takes 3–5 business days.
Expected delivery time?,delivery_time,Delivery typically takes 3–5 business days.
Expected delivery time?,delivery_time,Delivery typically takes 3–5 business days.
How long does shipping take?,delivery_time,Delivery typically takes 3–5 business days.
Expected delivery time?,delivery_time,Delivery typically takes 3–5 business days.
How long does shipping take?,delivery_time,Delivery typically takes 3–5 business days.
How long does shipping take?,delivery_time,Delivery typically takes 3–5 business days.
How long does shipping take?,delivery_time,Delivery typically takes 3–5 business days.
How long does shipping take?,delivery_time,Delivery typically takes 3–5 business days.
Expected delivery time?,delivery_time,Delivery typically takes 3–5 business days.
When will my order arrive?,delivery_time,Delivery typically takes 3–5 business days.
How long does shipping take?,delivery_time,Delivery typically takes 3–5 business days.
Expected delivery time?,delivery_time,Delivery typically takes 3–5 business days.
When will my order arrive?,delivery_time,Delivery typically takes 3–5 business days.
Expected delivery time?,delivery_time,Delivery typically takes 3–5 business days.
Expected delivery time?,delivery_time,Delivery typically takes 3–5 business days.
When will my order arrive?,delivery_time,Delivery typically takes 3–5 business days.
When will my order arrive?,delivery_time,Delivery typically takes 3–5 business days.
When will my order arrive?,delivery_time,Delivery typically takes 3–5 business days.
Expected delivery time?,delivery_time,Delivery typically takes 3–5 business days.
How long does shipping take?,delivery_time,Delivery typically takes 3–5 business days.
How long does shipping take?,delivery_time,Delivery typically takes 3–5 business days.
How long does shipping take?,delivery_time,Delivery typically takes 3–5 business days.
Expected delivery time?,delivery_time,Delivery typically takes 3–5 business days.
When will my order arrive?,delivery_time,Delivery typically takes 3–5 business days.
Expected delivery time?,delivery_time,Delivery typically takes 3–5 business days.
When will my order arrive?,delivery_time,Delivery typically takes 3–5 business days.
How long does shipping take?,delivery_time,Delivery typically takes 3–5 business days.
Expected delivery time?,delivery_time,Delivery typically takes 3–5 business days.
How long does shipping take?,delivery_time,Delivery typically takes 3–5 business days.
Expected delivery time?,delivery_time,Delivery typically takes 3–5 business days.
When will my order arrive?,delivery_time,Delivery typically takes 3–5 business days.
Expected delivery time?,delivery_time,Delivery typically takes 3–5 business days.
Expected delivery time?,delivery_time,Delivery typically takes 3–5 business days.
When will my order arrive?,delivery_time,Delivery typically takes 3–5 business days.
When will my order arrive?,delivery_time,Delivery typically takes 3–5 business days.
How long does shipping take?,delivery_time,Delivery typically takes 3–5 business days.
When will my order arrive?,delivery_time,Delivery typically takes 3–5 business days.
When will my order arrive?,delivery_time,Delivery typically takes 3–5 business days.
Expected delivery time?,delivery_time,Delivery typically takes 3–5 business days.
When will my order arrive?,delivery_time,Delivery typically takes 3–5 business days.
How long does shipping take?,delivery_time,Delivery typically takes 3–5 business days.
Expected delivery time?,delivery_time,Delivery typically takes 3–5 business days.
How long does shipping take?,delivery_time,Delivery typically takes 3–5 business days.
Expected delivery time?,delivery_time,Delivery typically takes 3–5 business days.
How long does shipping take?,delivery_time,Delivery typically takes 3–5 business days.
How long does shipping take?,delivery_time,Delivery typically takes 3–5 business days.
How long does shipping take?,delivery_time,Delivery typically takes 3–5 business days.
Expected delivery time?,delivery_time,Delivery typically takes 3–5 business days.
How long does shipping take?,delivery_time,Delivery typically takes 3–5 business days.
Do you have a local store?,store_location,"Our main store is located at 123 Main Street, Springfield."
Do you have a local store?,store_location,"Our main store is located at 123 Main Street, Springfield."
Do you have a local store?,store_location,"Our main store is located at 123 Main Street, Springfield."
Where is your physical store?,store_location,"Our main store is located at 123 Main Street, Springfield."
Store address needed,store_location,"Our main store is located at 123 Main Street, Springfield."
Where is your physical store?,store_location,"Our main store is located at 123 Main Street, Springfield."
Store address needed,store_location,"Our main store is located at 123 Main Street, Springfield."
Where is your physical store?,store_location,"Our main store is located at 123 Main Street, Springfield."
Do you have a local store?,store_location,"Our main store is located at 123 Main Street, Springfield."
Where is your physical store?,store_location,"Our main store is located at 123 Main Street, Springfield."
Where is your physical store?,store_location,"Our main store is located at 123 Main Street, Springfield."
Store address needed,store_location,"Our main store is located at 123 Main Street, Springfield."
Store address needed,store_location,"Our main store is located at 123 Main Street, Springfield."
Store address needed,store_location,"Our main store is located at 123 Main Street, Springfield."
Do you have a local store?,store_location,"Our main store is located at 123 Main Street, Springfield."
Where is your physical store?,store_location,"Our main store is located at 123 Main Street, Springfield."
Store address needed,store_location,"Our main store is located at 123 Main Street, Springfield."
Where is your physical store?,store_location,"Our main store is located at 123 Main Street, Springfield."
Store address needed,store_location,"Our main store is located at 123 Main Street, Springfield."
Store address needed,store_location,"Our main store is located at 123 Main Street, Springfield."
Where is your physical store?,store_location,"Our main store is located at 123 Main Street, Springfield."
Where is your physical store?,store_location,"Our main store is located at 123 Main Street, Springfield."
Store address needed,store_location,"Our main store is located at 123 Main Street, Springfield."
Do you have a local store?,store_location,"Our main store is located at 123 Main Street, Springfield."
Where is your physical store?,store_location,"Our main store is located at 123 Main Street, Springfield."
Do you have a local store?,store_location,"Our main store is located at 123 Main Street, Springfield."
Where is your physical store?,store_location,"Our main store is located at 123 Main Street, Springfield."
Do you have a local store?,store_location,"Our main store is located at 123 Main Street, Springfield."
Store address needed,store_location,"Our main store is located at 123 Main Street, Springfield."
Where is your physical store?,store_location,"Our main store is located at 123 Main Street, Springfield."
Where is your physical store?,store_location,"Our main store is located at 123 Main Street, Springfield."
Where is your physical store?,store_location,"Our main store is located at 123 Main Street, Springfield."
Store address needed,store_location,"Our main store is located at 123 Main Street, Springfield."
Do you have a local store?,store_location,"Our main store is located at 123 Main Street, Springfield."
Do you have a local store?,store_location,"Our main store is located at 123 Main Street, Springfield."
Store address needed,store_location,"Our main store is located at 123 Main Street, Springfield."
Do you have a local store?,store_location,"Our main store is located at 123 Main Street, Springfield."
Where is your physical store?,store_location,"Our main store is located at 123 Main Street, Springfield."
Do you have a local store?,store_location,"Our main store is located at 123 Main Street, Springfield."
Do you have a local store?,store_location,"Our main store is located at 123 Main Street, Springfield."
Store address needed,store_location,"Our main store is located at 123 Main Street, Springfield."
Store address needed,store_location,"Our main store is located at 123 Main Street, Springfield."
Where is your physical store?,store_location,"Our main store is located at 123 Main Street, Springfield."
Where is your physical store?,store_location,"Our main store is located at 123 Main Street, Springfield."
Do you have a local store?,store_location,"Our main store is located at 123 Main Street, Springfield."
Do you have a local store?,store_location,"Our main store is located at 123 Main Street, Springfield."
Where is your physical store?,store_location,"Our main store is located at 123 Main Street, Springfield."
Do you have a local store?,store_location,"Our main store is located at 123 Main Street, Springfield."
Where is your physical store?,store_location,"Our main store is located at 123 Main Street, Springfield."
Do you have a local store?,store_location,"Our main store is located at 123 Main Street, Springfield."
How do I contact support?,contact_support,You can contact our support via email or live chat.
I need to talk to someone,contact_support,You can contact our support via email or live chat.
I need to talk to someone,contact_support,You can contact our support via email or live chat.
Customer service phone number?,contact_support,You can contact our support via email or live chat.
Customer service phone number?,contact_support,You can contact our support via email or live chat.
Customer service phone number?,contact_support,You can contact our support via email or live chat.
I need to talk to someone,contact_support,You can contact our support via email or live chat.
I need to talk to someone,contact_support,You can contact our support via email or live chat.
Customer service phone number?,contact_support,You can contact our support via email or live chat.
Customer service phone number?,contact_support,You can contact our support via email or live chat.
How do I contact support?,contact_support,You can contact our support via email or live chat.
How do I contact support?,contact_support,You can contact our support via email or live chat.
How do I contact support?,contact_support,You can contact our support via email or live chat.
Customer service phone number?,contact_support,You can contact our support via email or live chat.
Customer service phone number?,contact_support,You can contact our support via email or live chat.
I need to talk to someone,contact_support,You can contact our support via email or live chat.
Customer service phone number?,contact_support,You can contact our support via email or live chat.
I need to talk to someone,contact_support,You can contact our support via email or live chat.
Customer service phone number?,contact_support,You can contact our support via email or live chat.
Customer service phone number?,contact_support,You can contact our support via email or live chat.
Customer service phone number?,contact_support,You can contact our support via email or live chat.
Customer service phone number?,contact_support,You can contact our support via email or live chat.
I need to talk to someone,contact_support,You can contact our support via email or live chat.
I need to talk to someone,contact_support,You can contact our support via email or live chat.
I need to talk to someone,contact_support,You can contact our support via email or live chat.
How do I contact support?,contact_support,You can contact our support via email or live chat.
I need to talk to someone,contact_support,You can contact our support via email or live chat.
I need to talk to someone,contact_support,You can contact our support via email or live chat.
I need to talk to someone,contact_support,You can contact our support via email or live chat.
How do I contact support?,contact_support,You can contact our support via email or live chat.
Customer service phone number?,contact_support,You can contact our support via email or live chat.
Customer service phone number?,contact_support,You can contact our support via email or live chat.
Customer service phone number?,contact_support,You can contact our support via email or live chat.
I need to talk to someone,contact_support,You can contact our support via email or live chat.
How do I contact support?,contact_support,You can contact our support via email or live chat.
I need to talk to someone,contact_support,You can contact our support via email or live chat.
I need to talk to someone,contact_support,You can contact our support via email or live chat.
I need to talk to someone,contact_support,You can contact our support via email or live chat.
Customer service phone number?,contact_support,You can contact our support via email or live chat.
How do I contact support?,contact_support,You can contact our support via email or live chat.
How do I contact support?,contact_support,You can contact our support via email or live chat.
I need to talk to someone,contact_support,You can contact our support via email or live chat.
I need to talk to someone,contact_support,You can contact our support via email or live chat.
Customer service phone number?,contact_support,You can contact our support via email or live chat.
Customer service phone number?,contact_support,You can contact our support via email or live chat.
I need to talk to someone,contact_support,You can contact our support via email or live chat.
I need to talk to someone,contact_support,You can contact our support via email or live chat.
I need to talk to someone,contact_support,You can contact our support via email or live chat.
I need to talk to someone,contact_support,You can contact our support via email or live chat.
Customer service phone number?,contact_support,You can contact our support via email or live chat.
Can I chat with an agent?,live_chat,"Yes, we provide live chat support 24/7."
Is there a live chat option?,live_chat,"Yes, we provide live chat support 24/7."
Do you offer chat support?,live_chat,"Yes, we provide live chat support 24/7."
Can I chat with an agent?,live_chat,"Yes, we provide live chat support 24/7."
Can I chat with an agent?,live_chat,"Yes, we provide live chat support 24/7."
Do you offer chat support?,live_chat,"Yes, we provide live chat support 24/7."
Do you offer chat support?,live_chat,"Yes, we provide live chat support 24/7."
Do you offer chat support?,live_chat,"Yes, we provide live chat support 24/7."
Do you offer chat support?,live_chat,"Yes, we provide live chat support 24/7."
Do you offer chat support?,live_chat,"Yes, we provide live chat support 24/7."
Is there a live chat option?,live_chat,"Yes, we provide live chat support 24/7."
Can I chat with an agent?,live_chat,"Yes, we provide live chat support 24/7."
Is there a live chat option?,live_chat,"Yes, we provide live chat support 24/7."
Do you offer chat support?,live_chat,"Yes, we provide live chat support 24/7."
Can I chat with an agent?,live_chat,"Yes, we provide live chat support 24/7."
Do you offer chat support?,live_chat,"Yes, we provide live chat support 24/7."
Can I chat with an agent?,live_chat,"Yes, we provide live chat support 24/7."
Can I chat with an agent?,live_chat,"Yes, we provide live chat support 24/7."
Is there a live chat option?,live_chat,"Yes, we provide live chat support 24/7."
Is there a live chat option?,live_chat,"Yes, we provide live chat support 24/7."
Can I chat with an agent?,live_chat,"Yes, we provide live chat support 24/7."
Do you offer chat support?,live_chat,"Yes, we provide live chat support 24/7."
Can I chat with an agent?,live_chat,"Yes, we provide live chat support 24/7."
Is there a live chat option?,live_chat,"Yes, we provide live chat support 24/7."
Do you offer chat support?,live_chat,"Yes, we provide live chat support 24/7."
Is there a live chat option?,live_chat,"Yes, we provide live chat support 24/7."
Can I chat with an agent?,live_chat,"Yes, we provide live chat support 24/7."
Can I chat with an agent?,live_chat,"Yes, we provide live chat support 24/7."
Do you offer chat support?,live_chat,"Yes, we provide live chat support 24/7."
Can I chat with an agent?,live_chat,"Yes, we provide live chat support 24/7."
Can I chat with an agent?,live_chat,"Yes, we provide live chat support 24/7."
Is there a live chat option?,live_chat,"Yes, we provide live chat support 24/7."
Can I chat with an agent?,live_chat,"Yes, we provide live chat support 24/7."
Is there a live chat option?,live_chat,"Yes, we provide live chat support 24/7."
Is there a live chat option?,live_chat,"Yes, we provide live chat support 24/7."
Is there a live chat option?,live_chat,"Yes, we provide live chat support 24/7."
Can I chat with an agent?,live_chat,"Yes, we provide live chat support 24/7."
Do you offer chat support?,live_chat,"Yes, we provide live chat support 24/7."
Is there a live chat option?,live_chat,"Yes, we provide live chat support 24/7."
Do you offer chat support?,live_chat,"Yes, we provide live chat support 24/7."
Is there a live chat option?,live_chat,"Yes, we provide live chat support 24/7."
Can I chat with an agent?,live_chat,"Yes, we provide live chat support 24/7."
Can I chat with an agent?,live_chat,"Yes, we provide live chat support 24/7."
Can I chat with an agent?,live_chat,"Yes, we provide live chat support 24/7."
Is there a live chat option?,live_chat,"Yes, we provide live chat support 24/7."
Do you offer chat support?,live_chat,"Yes, we provide live chat support 24/7."
Can I chat with an agent?,live_chat,"Yes, we provide live chat support 24/7."
Can I chat with an agent?,live_chat,"Yes, we provide live chat support 24/7."
Is there a live chat option?,live_chat,"Yes, we provide live chat support 24/7."
Is there a live chat option?,live_chat,"Yes, we provide live chat support 24/7."
How long is the warranty?,warranty_info,Most items come with a 12-month warranty.
Product warranty details?,warranty_info,Most items come with a 12-month warranty.
How long is the warranty?,warranty_info,Most items come with a 12-month warranty.
Product warranty details?,warranty_info,Most items come with a 12-month warranty.
Is this item under warranty?,warranty_info,Most items come with a 12-month warranty.
How long is the warranty?,warranty_info,Most items come with a 12-month warranty.
How long is the warranty?,warranty_info,Most items come with a 12-month warranty.
Product warranty details?,warranty_info,Most items come with a 12-month warranty.
Is this item under warranty?,warranty_info,Most items come with a 12-month warranty.
Is this item under warranty?,warranty_info,Most items come with a 12-month warranty.
How long is the warranty?,warranty_info,Most items come with a 12-month warranty.
How long is the warranty?,warranty_info,Most items come with a 12-month warranty.
Product warranty details?,warranty_info,Most items come with a 12-month warranty.
Is this item under warranty?,warranty_info,Most items come with a 12-month warranty.
How long is the warranty?,warranty_info,Most items come with a 12-month warranty.
How long is the warranty?,warranty_info,Most items come with a 12-month warranty.
Product warranty details?,warranty_info,Most items come with a 12-month warranty.
Is this item under warranty?,warranty_info,Most items come with a 12-month warranty.
How long is the warranty?,warranty_info,Most items come with a 12-month warranty.
How long is the warranty?,warranty_info,Most items come with a 12-month warranty.
Is this item under warranty?,warranty_info,Most items come with a 12-month warranty.
How long is the warranty?,warranty_info,Most items come with a 12-month warranty.
How long is the warranty?,warranty_info,Most items come with a 12-month warranty.
How long is the warranty?,warranty_info,Most items come with a 12-month warranty.
How long is the warranty?,warranty_info,Most items come with a 12-month warranty.
Is this item under warranty?,warranty_info,Most items come with a 12-month warranty.
Product warranty details?,warranty_info,Most items come with a 12-month warranty.
Is this item under warranty?,warranty_info,Most items come with a 12-month warranty.
Is this item under warranty?,warranty_info,Most items come with a 12-month warranty.
How long is the warranty?,warranty_info,Most items come with a 12-month warranty.
How long is the warranty?,warranty_info,Most items come with a 12-month warranty.
How long is the warranty?,warranty_info,Most items come with a 12-month warranty.
Product warranty details?,warranty_info,Most items come with a 12-month warranty.
Is this item under warranty?,warranty_info,Most items come with a 12-month warranty.
How long is the warranty?,warranty_info,Most items come with a 12-month warranty.
How long is the warranty?,warranty_info,Most items come with a 12-month warranty.
Is this item under warranty?,warranty_info,Most items come with a 12-month warranty.
How long is the warranty?,warranty_info,Most items come with a 12-month warranty.
Is this item under warranty?,warranty_info,Most items come with a 12-month warranty.
Is this item under warranty?,warranty_info,Most items come with a 12-month warranty.
Product warranty details?,warranty_info,Most items come with a 12-month warranty.
Is this item under warranty?,warranty_info,Most items come with a 12-month warranty.
Is this item under warranty?,warranty_info,Most items come with a 12-month warranty.
How long is the warranty?,warranty_info,Most items come with a 12-month warranty.
How long is the warranty?,warranty_info,Most items come with a 12-month warranty.
Is this item under warranty?,warranty_info,Most items come with a 12-month warranty.
How long is the warranty?,warranty_info,Most items come with a 12-month warranty.
Is this item under warranty?,warranty_info,Most items come with a 12-month warranty.
How long is the warranty?,warranty_info,Most items come with a 12-month warranty.
How long is the warranty?,warranty_info,Most items come with a 12-month warranty.
"I won’t be home, can I reschedule?",reschedule_delivery,Go to your delivery settings to choose a new date.
Change delivery date,reschedule_delivery,Go to your delivery settings to choose a new date.
"I won’t be home, can I reschedule?",reschedule_delivery,Go to your delivery settings to choose a new date.
Reschedule my delivery,reschedule_delivery,Go to your delivery settings to choose a new date.
Reschedule my delivery,reschedule_delivery,Go to your delivery settings to choose a new date.
"I won’t be home, can I reschedule?",reschedule_delivery,Go to your delivery settings to choose a new date.
Change delivery date,reschedule_delivery,Go to your delivery settings to choose a new date.
Reschedule my delivery,reschedule_delivery,Go to your delivery settings to choose a new date.
Reschedule my delivery,reschedule_delivery,Go to your delivery settings to choose a new date.
"I won’t be home, can I reschedule?",reschedule_delivery,Go to your delivery settings to choose a new date.
Change delivery date,reschedule_delivery,Go to your delivery settings to choose a new date.
Reschedule my delivery,reschedule_delivery,Go to your delivery settings to choose a new date.
"I won’t be home, can I reschedule?",reschedule_delivery,Go to your delivery settings to choose a new date.
"I won’t be home, can I reschedule?",reschedule_delivery,Go to your delivery settings to choose a new date.
"I won’t be home, can I reschedule?",reschedule_delivery,Go to your delivery settings to choose a new date.
Reschedule my delivery,reschedule_delivery,Go to your delivery settings to choose a new date.
"I won’t be home, can I reschedule?",reschedule_delivery,Go to your delivery settings to choose a new date.
Reschedule my delivery,reschedule_delivery,Go to your delivery settings to choose a new date.
"I won’t be home, can I reschedule?",reschedule_delivery,Go to your delivery settings to choose a new date.
"I won’t be home, can I reschedule?",reschedule_delivery,Go to your delivery settings to choose a new date.
"I won’t be home, can I reschedule?",reschedule_delivery,Go to your delivery settings to choose a new date.
Reschedule my delivery,reschedule_delivery,Go to your delivery settings to choose a new date.
Change delivery date,reschedule_delivery,Go to your delivery settings to choose a new date.
Change delivery date,reschedule_delivery,Go to your delivery settings to choose a new date.
"I won’t be home, can I reschedule?",reschedule_delivery,Go to your delivery settings to choose a new date.
Change delivery date,reschedule_delivery,Go to your delivery settings to choose a new date.
"I won’t be home, can I reschedule?",reschedule_delivery,Go to your delivery settings to choose a new date.
"I won’t be home, can I reschedule?",reschedule_delivery,Go to your delivery settings to choose a new date.
Change delivery date,reschedule_delivery,Go to your delivery settings to choose a new date.
"I won’t be home, can I reschedule?",reschedule_delivery,Go to your delivery settings to choose a new date.
Reschedule my delivery,reschedule_delivery,Go to your delivery settings to choose a new date.
Reschedule my delivery,reschedule_delivery,Go to your delivery settings to choose a new date.
Change delivery date,reschedule_delivery,Go to your delivery settings to choose a new date.
"I won’t be home, can I reschedule?",reschedule_delivery,Go to your delivery settings to choose a new date.
Reschedule my delivery,reschedule_delivery,Go to your delivery settings to choose a new date.
"I won’t be home, can I reschedule?",reschedule_delivery,Go to your delivery settings to choose a new date.
"I won’t be home, can I reschedule?",reschedule_delivery,Go to your delivery settings to choose a new date.
Reschedule my delivery,reschedule_delivery,Go to your delivery settings to choose a new date.
Reschedule my delivery,reschedule_delivery,Go to your delivery settings to choose a new date.
"I won’t be home, can I reschedule?",reschedule_delivery,Go to your delivery settings to choose a new date.
Reschedule my delivery,reschedule_delivery,Go to your delivery settings to choose a new date.
Change delivery date,reschedule_delivery,Go to your delivery settings to choose a new date.
Change delivery date,reschedule_delivery,Go to your delivery settings to choose a new date.
"I won’t be home, can I reschedule?",reschedule_delivery,Go to your delivery settings to choose a new date.
Change delivery date,reschedule_delivery,Go to your delivery settings to choose a new date.
Change delivery date,reschedule_delivery,Go to your delivery settings to choose a new date.
"I won’t be home, can I reschedule?",reschedule_delivery,Go to your delivery settings to choose a new date.
Reschedule my delivery,reschedule_delivery,Go to your delivery settings to choose a new date.
Reschedule my delivery,reschedule_delivery,Go to your delivery settings to choose a new date.
"I won’t be home, can I reschedule?",reschedule_delivery,Go to your delivery settings to choose a new date.
Forgot my username,account_help,Use the 'Forgot Username' option to retrieve your account details.
Forgot my username,account_help,Use the 'Forgot Username' option to retrieve your account details.
Can't login to my account,account_help,Use the 'Forgot Username' option to retrieve your account details.
Can't login to my account,account_help,Use the 'Forgot Username' option to retrieve your account details.
Recover my account,account_help,Use the 'Forgot Username' option to retrieve your account details.
Forgot my username,account_help,Use the 'Forgot Username' option to retrieve your account details.
Can't login to my account,account_help,Use the 'Forgot Username' option to retrieve your account details.
Can't login to my account,account_help,Use the 'Forgot Username' option to retrieve your account details.
Can't login to my account,account_help,Use the 'Forgot Username' option to retrieve your account details.
Recover my account,account_help,Use the 'Forgot Username' option to retrieve your account details.
Forgot my username,account_help,Use the 'Forgot Username' option to retrieve your account details.
Can't login to my account,account_help,Use the 'Forgot Username' option to retrieve your account details.
Can't login to my account,account_help,Use the 'Forgot Username' option to retrieve your account details.
Recover my account,account_help,Use the 'Forgot Username' option to retrieve your account details.
Recover my account,account_help,Use the 'Forgot Username' option to retrieve your account details.
Can't login to my account,account_help,Use the 'Forgot Username' option to retrieve your account details.
Forgot my username,account_help,Use the 'Forgot Username' option to retrieve your account details.
Recover my account,account_help,Use the 'Forgot Username' option to retrieve your account details.
Forgot my username,account_help,Use the 'Forgot Username' option to retrieve your account details.
Can't login to my account,account_help,Use the 'Forgot Username' option to retrieve your account details.
Can't login to my account,account_help,Use the 'Forgot Username' option to retrieve your account details.
Can't login to my account,account_help,Use the 'Forgot Username' option to retrieve your account details.
Can't login to my account,account_help,Use the 'Forgot Username' option to retrieve your account details.
Recover my account,account_help,Use the 'Forgot Username' option to retrieve your account details.
Recover my account,account_help,Use the 'Forgot Username' option to retrieve your account details.
Can't login to my account,account_help,Use the 'Forgot Username' option to retrieve your account details.
Can't login to my account,account_help,Use the 'Forgot Username' option to retrieve your account details.
Recover my account,account_help,Use the 'Forgot Username' option to retrieve your account details.
Forgot my username,account_help,Use the 'Forgot Username' option to retrieve your account details.
Forgot my username,account_help,Use the 'Forgot Username' option to retrieve your account details.
Recover my account,account_help,Use the 'Forgot Username' option to retrieve your account details.
Recover my account,account_help,Use the 'Forgot Username' option to retrieve your account details.
Forgot my username,account_help,Use the 'Forgot Username' option to retrieve your account details.
Can't login to my account,account_help,Use the 'Forgot Username' option to retrieve your account details.
Recover my account,account_help,Use the 'Forgot Username' option to retrieve your account details.
Can't login to my account,account_help,Use the 'Forgot Username' option to retrieve your account details.
Can't login to my account,account_help,Use the 'Forgot Username' option to retrieve your account details.
Forgot my username,account_help,Use the 'Forgot Username' option to retrieve your account details.
Forgot my username,account_help,Use the 'Forgot Username' option to retrieve your account details.
Recover my account,account_help,Use the 'Forgot Username' option to retrieve your account details.
Forgot my username,account_help,Use the 'Forgot Username' option to retrieve your account details.
Can't login to my account,account_help,Use the 'Forgot Username' option to retrieve your account details.
Forgot my username,account_help,Use the 'Forgot Username' option to retrieve your account details.
Can't login to my account,account_help,Use the 'Forgot Username' option to retrieve your account details.
Can't login to my account,account_help,Use the 'Forgot Username' option to retrieve your account details.
Forgot my username,account_help,Use the 'Forgot Username' option to retrieve your account details.
Can't login to my account,account_help,Use the 'Forgot Username' option to retrieve your account details.
Can't login to my account,account_help,Use the 'Forgot Username' option to retrieve your account details.
Recover my account,account_help,Use the 'Forgot Username' option to retrieve your account details.
Can't login to my account,account_help,Use the 'Forgot Username' option to retrieve your account details.
Deactivate my profile,deactivate_account,Please contact support to deactivate your account.
Delete my account permanently,deactivate_account,Please contact support to deactivate your account.
Delete my account permanently,deactivate_account,Please contact support to deactivate your account.
Delete my account permanently,deactivate_account,Please contact support to deactivate your account.
Close my account,deactivate_account,Please contact support to deactivate your account.
Delete my account permanently,deactivate_account,Please contact support to deactivate your account.
Delete my account permanently,deactivate_account,Please contact support to deactivate your account.
Delete my account permanently,deactivate_account,Please contact support to deactivate your account.
Deactivate my profile,deactivate_account,Please contact support to deactivate your account.
Close my account,deactivate_account,Please contact support to deactivate your account.
Deactivate my profile,deactivate_account,Please contact support to deactivate your account.
Deactivate my profile,deactivate_account,Please contact support to deactivate your account.
Deactivate my profile,deactivate_account,Please contact support to deactivate your account.
Delete my account permanently,deactivate_account,Please contact support to deactivate your account.
Deactivate my profile,deactivate_account,Please contact support to deactivate your account.
Deactivate my profile,deactivate_account,Please contact support to deactivate your account.
Close my account,deactivate_account,Please contact support to deactivate your account.
Delete my account permanently,deactivate_account,Please contact support to deactivate your account.
Delete my account permanently,deactivate_account,Please contact support to deactivate your account.
Close my account,deactivate_account,Please contact support to deactivate your account.
Close my account,deactivate_account,Please contact support to deactivate your account.
Delete my account permanently,deactivate_account,Please contact support to deactivate your account.
Close my account,deactivate_account,Please contact support to deactivate your account.
Deactivate my profile,deactivate_account,Please contact support to deactivate your account.
Delete my account permanently,deactivate_account,Please contact support to deactivate your account.
Close my account,deactivate_account,Please contact support to deactivate your account.
Delete my account permanently,deactivate_account,Please contact support to deactivate your account.
Close my account,deactivate_account,Please contact support to deactivate your account.
Deactivate my profile,deactivate_account,Please contact support to deactivate your account.
Deactivate my profile,deactivate_account,Please contact support to deactivate your account.
Deactivate my profile,deactivate_account,Please contact support to deactivate your account.
Delete my account permanently,deactivate_account,Please contact support to deactivate your account.
Delete my account permanently,deactivate_account,Please contact support to deactivate your account.
Deactivate my profile,deactivate_account,Please contact support to deactivate your account.
Deactivate my profile,deactivate_account,Please contact support to deactivate your account.
Close my account,deactivate_account,Please contact support to deactivate your account.
Delete my account permanently,deactivate_account,Please contact support to deactivate your account.
Close my account,deactivate_account,Please contact support to deactivate your account.
Deactivate my profile,deactivate_account,Please contact support to deactivate your account.
Close my account,deactivate_account,Please contact support to deactivate your account.
Close my account,deactivate_account,Please contact support to deactivate your account.
Close my account,deactivate_account,Please contact support to deactivate your account.
Deactivate my profile,deactivate_account,Please contact support to deactivate your account.
Close my account,deactivate_account,Please contact support to deactivate your account.
Close my account,deactivate_account,Please contact support to deactivate your account.
Delete my account permanently,deactivate_account,Please contact support to deactivate your account.
Deactivate my profile,deactivate_account,Please contact support to deactivate your account.
Delete my account permanently,deactivate_account,Please contact support to deactivate your account.
Delete my account permanently,deactivate_account,Please contact support to deactivate your account.
Close my account,deactivate_account,Please contact support to deactivate your account.
Check availability for size M,product_availability,You can check product availability on the product detail page.
Check availability for size M,product_availability,You can check product availability on the product detail page.
Check availability for size M,product_availability,You can check product availability on the product detail page.
When will it be back in stock?,product_availability,You can check product availability on the product detail page.
Check availability for size M,product_availability,You can check product availability on the product detail page.
Is this item in stock?,product_availability,You can check product availability on the product detail page.
Is this item in stock?,product_availability,You can check product availability on the product detail page.
Is this item in stock?,product_availability,You can check product availability on the product detail page.
When will it be back in stock?,product_availability,You can check product availability on the product detail page.
Is this item in stock?,product_availability,You can check product availability on the product detail page.
Check availability for size M,product_availability,You can check product availability on the product detail page.
Check availability for size M,product_availability,You can check product availability on the product detail page.
When will it be back in stock?,product_availability,You can check product availability on the product detail page.
When will it be back in stock?,product_availability,You can check product availability on the product detail page.
Is this item in stock?,product_availability,You can check product availability on the product detail page.
Check availability for size M,product_availability,You can check product availability on the product detail page.
Check availability for size M,product_availability,You can check product availability on the product detail page.
Is this item in stock?,product_availability,You can check product availability on the product detail page.
Is this item in stock?,product_availability,You can check product availability on the product detail page.
Check availability for size M,product_availability,You can check product availability on the product detail page.
When will it be back in stock?,product_availability,You can check product availability on the product detail page.
Is this item in stock?,product_availability,You can check product availability on the product detail page.
Check availability for size M,product_availability,You can check product availability on the product detail page.
Check availability for size M,product_availability,You can check product availability on the product detail page.
Is this item in stock?,product_availability,You can check product availability on the product detail page.
Check availability for size M,product_availability,You can check product availability on the product detail page.
Check availability for size M,product_availability,You can check product availability on the product detail page.
When will it be back in stock?,product_availability,You can check product availability on the product detail page.
When will it be back in stock?,product_availability,You can check product availability on the product detail page.
Check availability for size M,product_availability,You can check product availability on the product detail page.
When will it be back in stock?,product_availability,You can check product availability on the product detail page.
Is this item in stock?,product_availability,You can check product availability on the product detail page.
Is this item in stock?,product_availability,You can check product availability on the product detail page.
When will it be back in stock?,product_availability,You can check product availability on the product detail page.
Is this item in stock?,product_availability,You can check product availability on the product detail page.
Is this item in stock?,product_availability,You can check product availability on the product detail page.
Check availability for size M,product_availability,You can check product availability on the product detail page.
When will it be back in stock?,product_availability,You can check product availability on the product detail page.
Is this item in stock?,product_availability,You can check product availability on the product detail page.
Is this item in stock?,product_availability,You can check product availability on the product detail page.
When will it be back in stock?,product_availability,You can check product availability on the product detail page.
When will it be back in stock?,product_availability,You can check product availability on the product detail page.
Is this item in stock?,product_availability,You can check product availability on the product detail page.
Is this item in stock?,product_availability,You can check product availability on the product detail page.
Check availability for size M,product_availability,You can check product availability on the product detail page.
Is this item in stock?,product_availability,You can check product availability on the product detail page.
When will it be back in stock?,product_availability,You can check product availability on the product detail page.
Check availability for size M,product_availability,You can check product availability on the product detail page.
Check availability for size M,product_availability,You can check product availability on the product detail page.
Is this item in stock?,product_availability,You can check product availability on the product detail page.
